Workbook

Sheet Instrucciones
A1: Prueba externa organizada - clasificador de serpientes
A3: Paso | B3: Que hacer | C3: Donde | D3: Que copiar | E3: Criterio | F3: Nota
A4: 1 | B4: Abrir Streamlit | C4: http://localhost:8501/ | D4: No aplica | E4: App visible sin errores | F4: Usar piloto de 50 especies para esta prueba.
A5: 2 | B5: Cargar imagen | C5: Carpeta Venomous o Non_Venomous | D5: Ruta de imagen | E5: Una imagen por fila | F5: Las rutas estan en la hoja Pruebas.
A6: 3 | B6: Probar sin pais | C6: Desplegable Pais disponible | D6: Sin pais/region | E6: Copiar especie/riesgo/confianza | F6: Llenar columnas H a J.
A7: 4 | B7: Probar con pais correcto | C7: Pais sugerido de la fila | D7: Pais correcto | E7: Copiar especie/riesgo/confianza | F7: Llenar columnas L a N.
A8: 5 | B8: Probar con pais incorrecto | C8: Elegir otro pais del desplegable | D8: Pais usado | E8: Copiar especie/riesgo/confianza | F8: Llenar columnas P a S.
A9: 6 | B9: Interpretar resultados | C9: Hoja Resumen | D9: No aplica | E9: Comparar aciertos y falsos negativos | F9: Lo importante es reducir Venomous -> Non Venomous.
A10: 7 | B10: Anotar fallos | C10: Columna Observaciones | D10: Motivo visual | E10: Camuflaje, fondo, mala region, especie parecida | F10: Esto guia la siguiente mejora.

Sheet Pruebas
A1: id | B1: image_path | C1: true_class | D1: scientific_name | E1: common_name | F1: country_for_test | G1: test_status | H1: sin_pais_species | I1: sin_pais_risk | J1: sin_pais_confidence | K1: sin_pais_ok | L1: pais_correcto_species | M1: pais_correcto_risk | N1: pais_correcto_confidence | O1: pais_correcto_ok | P1: pais_incorrecto_usado | Q1: pais_incorrecto_species | R1: pais_incorrecto_risk | S1: pais_incorrecto_confidence | T1: pais_incorrecto_ok | U1: binary_decision | V1: binary_p_venomous | W1: visual_issue | X1: observaciones
A2: 01 | B2: data\external_tests\manual_30_species_region\Venomous\01_Venomous_Agkistrodon_contortrix.jpg | C2: Venomous | D2: Agkistrodon contortrix | E2: Copperhead | F2: United States of America | G2: Pendiente | K2: =IF(I2="","",IF(I2=C2,"OK","ERROR")) | O2: =IF(M2="","",IF(M2=C2,"OK","ERROR")) | T2: =IF(R2="","",IF(R2=C2,"OK","ERROR"))
A3: 02 | B3: data\external_tests\manual_30_species_region\Venomous\02_Venomous_Agkistrodon_piscivorus.jpg | C3: Venomous | D3: Agkistrodon piscivorus | E3: Cottonmouth | F3: United States of America | G3: Pendiente | K3: =IF(I3="","",IF(I3=C3,"OK","ERROR")) | O3: =IF(M3="","",IF(M3=C3,"OK","ERROR")) | T3: =IF(R3="","",IF(R3=C3,"OK","ERROR"))
A4: 03 | B4: data\external_tests\manual_30_species_region\Venomous\03_Venomous_Austrelaps_superbus.jpg | C4: Venomous | D4: Austrelaps superbus | E4: Lowland copperhead | F4: Australia | G4: Pendiente | K4: =IF(I4="","",IF(I4=C4,"OK","ERROR")) | O4: =IF(M4="","",IF(M4=C4,"OK","ERROR")) | T4: =IF(R4="","",IF(R4=C4,"OK","ERROR"))
A5: 04 | B5: data\external_tests\manual_30_species_region\Venomous\04_Venomous_Bitis_arietans.jpg | C5: Venomous | D5: Bitis arietans | E5: Puff adder | F5: Namibia | G5: Pendiente | K5: =IF(I5="","",IF(I5=C5,"OK","ERROR")) | O5: =IF(M5="","",IF(M5=C5,"OK","ERROR")) | T5: =IF(R5="","",IF(R5=C5,"OK","ERROR"))
A6: 05 | B6: data\external_tests\manual_30_species_region\Venomous\05_Venomous_Bitis_gabonica.jpg | C6: Venomous | D6: Bitis gabonica | E6: Gaboon viper | F6: Angola | G6: Pendiente | K6: =IF(I6="","",IF(I6=C6,"OK","ERROR")) | O6: =IF(M6="","",IF(M6=C6,"OK","ERROR")) | T6: =IF(R6="","",IF(R6=C6,"OK","ERROR"))
A7: 06 | B7: data\external_tests\manual_30_species_region\Venomous\06_Venomous_Bothriechis_schlegelii.jpg | C7: Venomous | D7: Bothriechis schlegelii | E7: Eyelash palm pitviper | F7: Colombia | G7: Pendiente | K7: =IF(I7="","",IF(I7=C7,"OK","ERROR")) | O7: =IF(M7="","",IF(M7=C7,"OK","ERROR")) | T7: =IF(R7="","",IF(R7=C7,"OK","ERROR"))
A8: 07 | B8: data\external_tests\manual_30_species_region\Venomous\07_Venomous_Bothrops_asper.jpg | C8: Venomous | D8: Bothrops asper | E8: Fer-de-lance | F8: Costa Rica | G8: Pendiente | K8: =IF(I8="","",IF(I8=C8,"OK","ERROR")) | O8: =IF(M8="","",IF(M8=C8,"OK","ERROR")) | T8: =IF(R8="","",IF(R8=C8,"OK","ERROR"))
A9: 08 | B9: data\external_tests\manual_30_species_region\Venomous\08_Venomous_Bothrops_atrox.jpg | C9: Venomous | D9: Bothrops atrox | E9: Common lancehead | F9: Bolivia | G9: Pendiente | K9: =IF(I9="","",IF(I9=C9,"OK","ERROR")) | O9: =IF(M9="","",IF(M9=C9,"OK","ERROR")) | T9: =IF(R9="","",IF(R9=C9,"OK","ERROR"))
A10: 09 | B10: data\external_tests\manual_30_species_region\Venomous\09_Venomous_Crotalus_cerastes.jpg | C10: Venomous | D10: Crotalus cerastes | E10: Sidewinder | F10: Mexico | G10: Pendiente | K10: =IF(I10="","",IF(I10=C10,"OK","ERROR")) | O10: =IF(M10="","",IF(M10=C10,"OK","ERROR")) | T10: =IF(R10="","",IF(R10=C10,"OK","ERROR"))
A11: 10 | B11: data\external_tests\manual_30_species_region\Venomous\10_Venomous_Crotalus_ruber.jpg | C11: Venomous | D11: Crotalus ruber | E11: Red diamond rattlesnake | F11: Mexico | G11: Pendiente | K11: =IF(I11="","",IF(I11=C11,"OK","ERROR")) | O11: =IF(M11="","",IF(M11=C11,"OK","ERROR")) | T11: =IF(R11="","",IF(R11=C11,"OK","ERROR"))
A12: 11 | B12: data\external_tests\manual_30_species_region\Venomous\11_Venomous_Crotalus_scutulatus.jpg | C12: Venomous | D12: Crotalus scutulatus | E12: Mohave rattlesnake | F12: Mexico | G12: Pendiente | K12: =IF(I12="","",IF(I12=C12,"OK","ERROR")) | O12: =IF(M12="","",IF(M12=C12,"OK","ERROR")) | T12: =IF(R12="","",IF(R12=C12,"OK","ERROR"))
A13: 12 | B13: data\external_tests\manual_30_species_region\Venomous\12_Venomous_Laticauda_colubrina.jpg | C13: Venomous | D13: Laticauda colubrina | E13: Yellow-lipped sea krait | F13: Fiji | G13: Pendiente | K13: =IF(I13="","",IF(I13=C13,"OK","ERROR")) | O13: =IF(M13="","",IF(M13=C13,"OK","ERROR")) | T13: =IF(R13="","",IF(R13=C13,"OK","ERROR"))
... A31: 30 | B31: data\external_tests\manual_30_species_region\Non_Venomous\30_Non_Venomous_Tantilla_gracilis.jpg | C31: Non Venomous | D31: Tantilla gracilis | E31: unknown | F31: Mexico | G31: Pendiente | K31: =IF(I31="","",IF(I31=C31,"OK","ERROR")) | O31: =IF(M31="","",IF(M31=C31,"OK","ERROR")) | T31: =IF(R31="","",IF(R31=C31,"OK","ERROR"))

Sheet Resumen
A1: Resumen automatico de la prueba externa
A3: Metrica | B3: Sin pais | C3: Pais correcto | D3: Pais incorrecto
A4: Pruebas llenas | B4: =COUNTIF(Pruebas!I2:I31,"Venomous")+COUNTIF(Pruebas!I2:I31,"Non Venomous") -> 0 | C4: =COUNTIF(Pruebas!M2:M31,"Venomous")+COUNTIF(Pruebas!M2:M31,"Non Venomous") -> 0 | D4: =COUNTIF(Pruebas!R2:R31,"Venomous")+COUNTIF(Pruebas!R2:R31,"Non Venomous") -> 0
A5: Aciertos | B5: =COUNTIF(Pruebas!K2:K31,"OK") -> 0 | C5: =COUNTIF(Pruebas!O2:O31,"OK") -> 0 | D5: =COUNTIF(Pruebas!T2:T31,"OK") -> 0
A6: Errores | B6: =COUNTIF(Pruebas!K2:K31,"ERROR") -> 0 | C6: =COUNTIF(Pruebas!O2:O31,"ERROR") -> 0 | D6: =COUNTIF(Pruebas!T2:T31,"ERROR") -> 0
A7: Accuracy | B7: =IF(B4=0,"",B5/B4) | C7: =IF(C4=0,"",C5/C4) | D7: =IF(D4=0,"",D5/D4)
A8: FN Venomous | B8: =COUNTIFS(Pruebas!C2:C31,"Venomous",Pruebas!I2:I31,"Non Venomous") -> 0 | C8: =COUNTIFS(Pruebas!C2:C31,"Venomous",Pruebas!M2:M31,"Non Venomous") -> 0 | D8: =COUNTIFS(Pruebas!C2:C31,"Venomous",Pruebas!R2:R31,"Non Venomous") -> 0
A9: FP Non Venomous | B9: =COUNTIFS(Pruebas!C2:C31,"Non Venomous",Pruebas!I2:I31,"Venomous") -> 0 | C9: =COUNTIFS(Pruebas!C2:C31,"Non Venomous",Pruebas!M2:M31,"Venomous") -> 0 | D9: =COUNTIFS(Pruebas!C2:C31,"Non Venomous",Pruebas!R2:R31,"Venomous") -> 0
